2-Alpha Code,Country Name,Regiona,Latitude (generated),Longitude (generated)
ZW,Zimbabwe,Sub-Saharan Africa,-19.098,30.047
ZM,Zambia,Sub-Saharan Africa,-15.13,25.268
ZA,South Africa,Sub-Saharan Africa,-31.7,23.441
YE,"Yemen, Rep.",Middle East & North Africa,15.569,47.793
WS,Samoa,East Asia & Pacific,-13.6221,-172.439
VU,Vanuatu,East Asia & Pacific,-15.339,166.89
VN,Vietnam,East Asia & Pacific,21.75,105.373
VE,"Venezuela, RB",Latin America & Caribbean,6.983,-64.588
VC,St. Vincent and the Grenadines,Latin America & Caribbean,13.2528,-61.1949
UZ,Uzbekistan,Europe & Central Asia,41.757,63.958
UY,Uruguay,Latin America & Caribbean,-32.948,-56.249
US,United States,North America,40.0792,-98.8164
UG,Uganda,Sub-Saharan Africa,1.9392,32.7415
UA,Ukraine,Europe & Central Asia,49.364,32.132
TZ,Tanzania,Sub-Saharan Africa,-5.651,34.146
TV,Tuvalu,East Asia & Pacific,-7.4786,178.6758
TT,Trinidad and Tobago,Latin America & Caribbean,10.4435,-61.2604
TR,Turkey,Europe & Central Asia,39.144,34.188
TO,Tonga,East Asia & Pacific,-21.167,-175.19
TN,Tunisia,Middle East & North Africa,35.594,9.421
TM,Turkmenistan,Europe & Central Asia,39.584,59.597
TL,Timor-Leste,East Asia & Pacific,-8.856,125.556
TJ,Tajikistan,Europe & Central Asia,38.367,72.597
TH,Thailand,East Asia & Pacific,15.688,100.845
TG,Togo,Sub-Saharan Africa,7.7,1.106
TD,Chad,Sub-Saharan Africa,15.981,18.781
TC,Turks and Caicos Islands,Turks and Caicos Islands,21.7779,-71.7592
SZ,Eswatini,Sub-Saharan Africa,-26.5203,31.4607
SY,Syrian Arab Republic,Middle East & North Africa,35.303,38.322
SV,El Salvador,Latin America & Caribbean,13.848,-89.229
ST,Sao Tome and Principe,Sub-Saharan Africa,0.216,6.595
SS,South Sudan,Sub-Saharan Africa,7.1,30.48
SR,Suriname,Latin America & Caribbean,4.248,-55.848
SO,Somalia,Sub-Saharan Africa,2.875,43.446
SN,Senegal,Sub-Saharan Africa,15.044,-15.081
SL,Sierra Leone,Sub-Saharan Africa,8.677,-11.779
SK,Slovak Republic,Europe & Central Asia,48.8595,19.4434
SI,Slovenia,Europe & Central Asia,46.037,14.534
SG,Singapore,East Asia & Pacific,1.3389,103.8297
SE,Sweden,Europe & Central Asia,66.2188,19
SD,Sudan,Sub-Saharan Africa,15.739,29.533
SC,Seychelles,Sub-Saharan Africa,-4.6841,55.4924
SB,Solomon Islands,East Asia & Pacific,-9.5987,160.1487
SA,Saudi Arabia,Middle East & North Africa,24.191,44.32
RW,Rwanda,Sub-Saharan Africa,-1.887,29.904
RU,Russian Federation,Europe & Central Asia,64.736,104.062
RS,Serbia,Europe & Central Asia,44.021,20.699
RO,Romania,Europe & Central Asia,45.933,25.119
QA,Qatar,Middle East & North Africa,25.3174,51.1522
PY,Paraguay,Latin America & Caribbean,-23.266,-58.409
PW,Palau,East Asia & Pacific,7.5288,134.5573
PT,Portugal,Europe & Central Asia,40.957,-7.9373
PL,Poland,Europe & Central Asia,52.442,19.72
PK,Pakistan,South Asia,28.1854,66.6429
PH,Philippines,East Asia & Pacific,17.181,121.256
PG,Papua New Guinea,East Asia & Pacific,-5.636,142.798
PE,Peru,Latin America & Caribbean,-12.664,-72.98
PA,Panama,Latin America & Caribbean,8.348,-81.005
OM,Oman,Middle East & North Africa,19.85,56.25
NZ,New Zealand,East Asia & Pacific,-42.558,172.377
NR,Nauru,East Asia & Pacific,-0.5287,166.9315
NP,Nepal,South Asia,28.2114,83.5608
NO,Norway,Europe & Central Asia,61.3701,9.3031
NL,Netherlands,Europe & Central Asia,52.1704,5.0102
NI,Nicaragua,Latin America & Caribbean,12.692,-85.03
NG,Nigeria,Sub-Saharan Africa,9.3417,7.678
NE,Niger,Sub-Saharan Africa,16.996,9.915
NA,Namibia,Sub-Saharan Africa,-21.276,17.219
MZ,Mozambique,Sub-Saharan Africa,-13.852,38.042
MY,Malaysia,East Asia & Pacific,4.416,102.099
MX,Mexico,Latin America & Caribbean,22.925,-101.68
MW,Malawi,Sub-Saharan Africa,-13.2731,33.7428
MV,Maldives,South Asia,4.221,73.463
MU,Mauritius,Sub-Saharan Africa,-20.2529,57.5902
MT,Malta,Middle East & North Africa,35.9024,14.4137
MR,Mauritania,Sub-Saharan Africa,19.413,-10.6528
MO,"Macao SAR, China",Europe & Central Asia,22.1404,113.5643
MN,Mongolia,East Asia & Pacific,46.516,102.564
MM,Myanmar,East Asia & Pacific,21.841,96.05
ML,Mali,Sub-Saharan Africa,18.211,-2.209
MK,North Macedonia,Europe & Central Asia,41.636,21.676
MH,Marshall Islands,East Asia & Pacific,5.961,169.651
MG,Madagascar,Sub-Saharan Africa,-19.615,46.645
ME,Montenegro,Europe & Central Asia,42.857,19.096
MD,Moldova,Europe & Central Asia,47.524,28.444
MA,Morocco,Middle East & North Africa,31.129,-7.355
LY,Libya,Middle East & North Africa,27.24,17.571
LV,Latvia,Europe & Central Asia,57.017,25.0173
LU,Luxembourg,Europe & Central Asia,49.671,6.113
LT,Lithuania,Europe & Central Asia,55.342,24.23
LS,Lesotho,Sub-Saharan Africa,-29.446,28.371
LR,Liberia,Sub-Saharan Africa,6.51,-9.33
LK,Sri Lanka,South Asia,7.3,80.727
LI,Liechtenstein,Europe & Central Asia,47.1593,9.547
LC,St. Lucia,Latin America & Caribbean,13.909,-60.9776
LB,Lebanon,Middle East & North Africa,34.161,36.021
LA,Lao PDR,East Asia & Pacific,19.595,102.538
KZ,Kazakhstan,Europe & Central Asia,48.866,69.772
KW,Kuwait,Middle East & North Africa,29.3169,47.4272
KR,"Korea, Rep.",East Asia & Pacific,36.338,128.16
KN,St. Kitts and Nevis,Latin America & Caribbean,17.147,-62.58
KM,Comoros,Sub-Saharan Africa,-11.6527,43.3307
KI,Kiribati,East Asia & Pacific,2.048,-158.59
KH,Cambodia,East Asia & Pacific,12.69,104.444
KG,Kyrgyz Republic,Europe & Central Asia,41.741,75.043
KE,Kenya,Sub-Saharan Africa,0.806,38.166
JP,Japan,East Asia & Pacific,35.962,137.855
JO,Jordan,Middle East & North Africa,30.681,36.279
JM,Jamaica,Latin America & Caribbean,18.163,-77.477
IT,Italy,Europe & Central Asia,44.3713,11.1084
IS,Iceland,Europe & Central Asia,64.826,-18.417
IR,"Iran, Islamic Rep.",Middle East & North Africa,33.408,54.0418
IQ,Iraq,Middle East & North Africa,33.545,43.278
IN,India,South Asia,22.741,78.236
IM,Isle of Man,Europe & Central Asia,54.2362,-4.5149
IL,Israel,Middle East & North Africa,30.992,34.834
IE,Ireland,Europe & Central Asia,53.214,-7.588
ID,Indonesia,East Asia & Pacific,-0.739,114.045
HU,Hungary,Europe & Central Asia,47.174,19.618
HT,Haiti,Latin America & Caribbean,19.3175,-72.4205
HR,Croatia,Europe & Central Asia,45.754,16.385
HN,Honduras,Latin America & Caribbean,14.881,-87.123
GY,Guyana,Latin America & Caribbean,5.17,-58.939
GW,Guinea-Bissau,Sub-Saharan Africa,12.191,-14.475
GT,Guatemala,Latin America & Caribbean,15.124,-90.711
GR,Greece,Europe & Central Asia,39.787,21.617
GQ,Equatorial Guinea,Sub-Saharan Africa,1.6342,10.4695
GN,Guinea,Sub-Saharan Africa,10.599,-10.907
GM,"Gambia, The",Sub-Saharan Africa,13.499,-14.641
GH,Ghana,Sub-Saharan Africa,7.258,-1.062
GE,Georgia,Europe & Central Asia,42.05,43.576
GD,Grenada,Latin America & Caribbean,12.111,-61.6867
GB,United Kingdom,Europe & Central Asia,52.289,-1.259
GA,Gabon,Sub-Saharan Africa,-0.406,11.914
FR,France,Europe & Central Asia,46.656,2.543
FO,Faroe Islands,Europe & Central Asia,62.1252,-7.0174
FM,"Micronesia, Fed. Sts.",East Asia & Pacific,7.531,150.457
FJ,Fiji,East Asia & Pacific,-17.7941,177.9783
FI,Finland,Europe & Central Asia,62.716,26.192
ET,Ethiopia,Sub-Saharan Africa,8.435,38.786
ES,Spain,Europe & Central Asia,40.617,-3.388
ER,Eritrea,Middle East & North Africa,15.982,38.02
EG,"Egypt, Arab Rep.",Middle East & North Africa,26.16,28.742
EE,Estonia,Europe & Central Asia,58.777,25.977
EC,Ecuador,Latin America & Caribbean,-1.151,-78.308
DZ,Algeria,Middle East & North Africa,28.6045,2.64
DO,Dominican Republic,Latin America & Caribbean,19.01,-70.1685
DM,Dominica,Latin America & Caribbean,15.4238,-61.3411
DK,Denmark,Europe & Central Asia,56.113,9.096
DJ,Djibouti,Middle East & North Africa,11.41,42.165
DE,Germany,Europe & Central Asia,51.3819,9.9877
CZ,Czech Republic,Europe & Central Asia,49.848,15.2812
CY,Cyprus,Europe & Central Asia,34.894,32.928
CV,Cabo Verde,Sub-Saharan Africa,15.416,-23.36
CU,Cuba,Latin America & Caribbean,20.571,-76.456
CR,Costa Rica,Latin America & Caribbean,10.126,-84.075
CO,Colombia,Latin America & Caribbean,3.794,-73.606
CN,China,East Asia & Pacific,35.1753,99.3877
CM,Cameroon,Sub-Saharan Africa,4.4,12.131
CL,Chile,Latin America & Caribbean,-23.176,-69.201
CI,Cote d'Ivoire,Sub-Saharan Africa,7.497,-5.336
CH,Switzerland,Europe & Central Asia,46.7794,8.0329
CG,"Congo, Rep.",Sub-Saharan Africa,0.509,16.08
CF,Central African Republic,Sub-Saharan Africa,7.043,21.424
CD,"Congo, Dem. Rep.",Sub-Saharan Africa,-1.418,23.607
CA,Canada,North America,59.2067,-111.1937
BZ,Belize,Latin America & Caribbean,17.108,-88.744
BY,Belarus,Europe & Central Asia,53.3292,27.9492
BW,Botswana,Sub-Saharan Africa,-22.126,23.662
BT,Bhutan,South Asia,27.5342,90.3002
BS,"Bahamas, The",Latin America & Caribbean,24.7032,-78.0455
BR,Brazil,Latin America & Caribbean,-11.694,-48.978
BO,Bolivia,Latin America & Caribbean,-16.71,-65.183
BN,Brunei Darussalam,East Asia & Pacific,4.452,114.557
BJ,Benin,Sub-Saharan Africa,10.478,2.274
BI,Burundi,Sub-Saharan Africa,-3.333,29.749
BH,Bahrain,Middle East & North Africa,26.025,50.5534
BG,Bulgaria,Europe & Central Asia,42.625,24.521
BF,Burkina Faso,Sub-Saharan Africa,12.673,-1.226
BE,Belgium,Europe & Central Asia,50.6745,4.4588
BD,Bangladesh,South Asia,24.598,90.1963
BB,Barbados,Latin America & Caribbean,13.1898,-59.559
BA,Bosnia and Herzegovina,Europe & Central Asia,44.342,17.804
AZ,Azerbaijan,Europe & Central Asia,40.46,47.883
AU,Australia,East Asia & Pacific,-24.578,133.582
AT,Austria,Europe & Central Asia,47.65,14.705
AR,Argentina,Latin America & Caribbean,-33.166,-64.31
AO,Angola,Sub-Saharan Africa,-12.836,17.808
AM,Armenia,Europe & Central Asia,40.56,44.449
AL,Albania,Europe & Central Asia,40.654,20.076
AG,Antigua and Barbuda,Latin America & Caribbean,17.625,-61.786
AF,Afghanistan,South Asia,34.023,65.5267
AE,United Arab Emirates,Middle East & North Africa,23.9299,53.9031
AD,Andorra,Europe & Central Asia,42.5425,1.5893
